{
  "median_psnr": 16.73483385703577,
  "masked_mean_psnr": 11.71505644141535,
  "ms_ssim": 0.7358243465423584,
  "mean_psnr": 16.795333032940306
}