{
  "median_psnr": 22.916969327201613,
  "masked_mean_psnr": 17.992546923810416,
  "ms_ssim": 0.8853048086166382,
  "mean_psnr": 23.066358216952313
}